appid,name
578080,PLAYERUNKNOWN'S BATTLEGROUNDS
570,Dota 2
730,Counter-Strike: Global Offensive
359550,Tom Clancy's Rainbow Six Siege
271590,Grand Theft Auto V
238960,Path of Exile
230410,Warframe
440,Team Fortress 2
252950,Rocket League
252490,Rust
624090,Football Manager 2018
346110,ARK: Survival Evolved
4000,Garry's Mod
8930,Sid Meier's Civilization V
218620,PAYDAY 2
227300,Euro Truck Simulator 2
107410,Arma 3
365590,Tom Clancy's The Division
433850,H1Z1
377160,Fallout 4
289070,Sid Meier's Civilization VI
444090,Paladins
105600,Terraria
72850,The Elder Scrolls V: Skyrim
304930,Unturned
476620,Call of Duty: WWII - Multiplayer
10,Counter-Strike
504370,Battlerite
292030,The Witcher 3: Wild Hunt
381210,Dead by Daylight
236850,Europa Universalis IV
489830,The Elder Scrolls V: Skyrim Special Edition
306130,The Elder Scrolls Online: Tamriel Unlimited
236390,War Thunder
435150,Divinity: Original Sin 2
394360,Hearts of Iron IV
251570,7 Days to Die
281990,Stellaris
550,Left 4 Dead 2
594570,Total War: WARHAMMER II
221380,Age of Empires II: HD Edition
363970,Clicker Heroes
582660,Black Desert Online
255710,Cities: Skylines
214950,Total War: ROME II - Emperor Edition
601510,Yu-Gi-Oh! Duel Links
386360,SMITE
294100,RimWorld
413150,Stardew Valley
582160,Assassin's Creed Origins
322330,Don't Starve Together
577800,NBA 2K18
444200,World of Tanks Blitz
447020,Farming Simulator 17
550650,Black Squad
427520,Factorio
49520,Borderlands 2
291550,Brawlhalla
48700,Mount & Blade: Warband
374320,DARK SOULS™ III
431960,Wallpaper Engine
268500,XCOM 2
311290,SpellForce 3
240,Counter-Strike: Source
39210,FINAL FANTASY XIV Online
203770,Crusader Kings II
356190,Middle-earth™: Shadow of War™
253920,Gorky 17
242760,The Forest
250900,The Binding of Isaac: Rebirth
227940,Heroes & Generals
485510,Nioh: Complete Edition
219990,Grim Dawn
698780,Doki Doki Literature Club
259340,Chicken Shoot Gold
231430,Company of Heroes 2
291480,Warface
359320,Elite Dangerous
386180,Crossout
364360,Total War: WARHAMMER
22380,Fallout: New Vegas
244850,Space Engineers
325610,Total War: ATTILA
304050,Trove
298610,Ylands
264710,Subnautica
322170,Geometry Dash
211820,Starbound
242920,Banished
627690,Idle Champions of the Forgotten Realms
453480,Shadowverse
460930,Tom Clancy's Ghost Recon® Wildlands
373420,Divinity: Original Sin Enhanced Edition
8500,EVE Online
220200,Kerbal Space Program
10500,Empire: Total War
4700,Medieval II: Total War
221100,DayZ
301520,Robocraft
239140,Dying Light
232090,Killing Floor 2
457140,Oxygen Not Included
55100,Homefront
391220,Rise of the Tomb Raider
552990,World of Warships
466240,Deceit
47890,The Sims(TM) 3
314160,Microsoft Flight Simulator X: Steam Edition
305620,The Long Dark
268910,Cuphead
628890,NOBUNAGA'S AMBITION: Taishi
109600,Neverwinter
612880,Wolfenstein II: The New Colossus
738060,Freddy Fazbear's Pizzeria Simulator
270880,American Truck Simulator
592580,PRO EVOLUTION SOCCER 2018
475150,Titan Quest Anniversary Edition
620,Portal 2
555570,Infestation: The New Z
440900,Conan Exiles
268850,EVGA Precision XOC
34330,Total War: SHOGUN 2
610080,Realm Grinder
225540,Just Cause 3
619890,Evil Glitch
240720,Getting Over It with Bennett Foddy
105450,Age of Empires® III: Complete Collection
219740,Don't Starve
311210,Call of Duty: Black Ops III
493340,Planet Coaster
346010,Besiege
333930,Dirty Bomb
438040,Shakes and Fidget
595460,Flix and Chill
383120,Empyrion - Galactic Survival
262060,Darkest Dungeon
284160,BeamNG.drive
244210,Assetto Corsa
389730,TEKKEN 7
518790,theHunter™: Call of the Wild
446800,Transport Fever
222880,Insurgency
588430,Fallout Shelter
346900,AdVenture Capitalist
379720,DOOM
323370,TERA
218230,PlanetSide 2
674940,Stick Fight: The Game
335300,DARK SOULS™ II: Scholar of the First Sin
287700,METAL GEAR SOLID V: THE PHANTOM PAIN
392110,Endless Space 2
286160,Tabletop Simulator
411300,ELEX
385760,NBA 2K17
241930,Middle-earth™: Shadow of Mordor™
393380,Squad
477160,Human: Fall Flat
33930,Arma 2: Operation Arrowhead
202990,Call of Duty: Black Ops II - Multiplayer
211420,DARK SOULS™: Prepare To Die Edition
515220,F1 2017
228200,Company of Heroes
200210,Realm of the Mad God
454650,DRAGON BALL XENOVERSE 2
304390,For Honor
273110,Counter-Strike Nexon: Zombies
295110,Just Survive
24010,Train Simulator
10190,Call of Duty: Modern Warfare 2 - Multiplayer
645630,Car Mechanic Simulator 2018
476600,Call of Duty: WWII
663390,Rento Fortune - Multiplayer Board Game
34030,Napoleon: Total War
378860,Project CARS 2
384300,CPUCores :: Maximize Your FPS
418460,Rising Storm 2: Vietnam
367520,Hollow Knight
244450,Men of War: Assault Squad 2
312660,Sniper Elite 4
363150,Romance of the Three Kingdoms 13
282070,This War of Mine
380600,Fishing Planet
200510,XCOM: Enemy Unknown
536930,MOBIUS FINAL FANTASY
233450,Prison Architect
280790,Creativerse
242050,Assassin's Creed IV Black Flag
9900,Star Trek Online
316010,Magic Duels
389430,Knight Online
403640,Dishonored 2
524220,NieR:Automata™
469600,Legion TD 2
506540,Last Man Standing
4760,Rome: Total War
216150,MapleStory
387990,Scrap Mechanic
480490,Prey
447040,Watch_Dogs 2
688470,Gloria Sinica: Han Xiongnu Wars
506140,Shop Heroes
402840,Crusaders of the Lost Idols
261640,Borderlands: The Pre-Sequel
364470,The Elder Scrolls: Legends
663090,Granado Espada For SEA
266840,Age of Mythology: Extended Edition
203160,Tomb Raider
291650,Pillars of Eternity
372000,Tree of Savior (English Ver.)
212680,FTL: Faster Than Light
337000,Deus Ex: Mankind Divided™
415200,Motorsport Manager
32470,STAR WARS™ Empire at War: Gold Pack
397900,Business Tour - Online Multiplayer Board Game
569480,Kingdoms and Castles
444640,Bloons TD Battles
473690,Absolver
433340,Slime Rancher
234140,Mad Max
298110,Far Cry 4
201810,Wolfenstein: The New Order
290080,Life is Feudal: Your Own
445220,Avorion
335240,Transformice
8800,Sid Meier's Civilization IV: Beyond the Sword
208650,Batman™: Arkham Knight
329110,Gems of War
326460,ShellShock Live
529180,Dark and Light
438740,Friday the 13th: The Game
8980,Borderlands
521630,Toadled
220,Half-Life 2
393420,Hurtworld
22330,The Elder Scrolls IV: Oblivion
20920,The Witcher 2: Assassins of Kings Enhanced Edition
253710,theHunter Classic
3910,Sid Meier's Civilization III: Complete
516750,My Summer Car
252530,OMSI 2
360430,Mafia III
612020,Zombidle: REMONSTERED
391540,Undertale
12120,Grand Theft Auto: San Andreas
20900,The Witcher: Enhanced Edition
342200,MechWarrior Online
431240,Golf With Your Friends
466560,Northgard
6060,"Star Wars: Battlefront 2 (Classic, 2005)"
10090,Call of Duty: World at War
339600,VEGA Conflict
339610,FreeStyle 2: Street Basketball
333420,Cossacks 3
212500,The Lord of the Rings Online™
235540,Warhammer: End Times - Vermintide
269210,Hero Siege
531640,Eternal Card Game
65930,The Bureau: XCOM Declassified
310950,Street Fighter V
275850,No Man's Sky
367500,Dragon's Dogma: Dark Arisen
448440,Bizarre Earthquake
12210,Grand Theft Auto IV
226840,Age of Wonders III
601430,The Evil Within 2
675010,Spintires: MudRunner
17390,Spore
1840,Source Filmmaker
646570,Slay the Spire
297000,Heroes of Might & Magic III - HD Edition
113400,APB Reloaded
612510,The Far Frontier
263280,Spintires
206420,Saints Row IV
236870,HITMAN™
624120,Football Manager Touch 2018
220240,Far Cry® 3
521890,Hello Neighbor
438100,VRChat
299740,Miscreated
65980,Sid Meier's Civilization: Beyond Earth
219640,Chivalry: Medieval Warfare
588650,Dead Cells
442080,Riders of Icarus
55230,Saints Row: The Third
221680,Rocksmith® 2014 Edition - Remastered
208580,STAR WARS™ Knights of the Old Republic™ II: The Sith Lords™
459820,Crush Crush
310560,DiRT Rally
434650,Lost Castle
393430,Ice Lakes
200710,Torchlight II
205100,Dishonored
349040,NARUTO SHIPPUDEN: Ultimate Ninja STORM 4
300,Day of Defeat: Source
213670,South Park™: The Stick of Truth™
50130,Mafia II
334230,Town of Salem
319630,Life is Strange™
245620,Tropico 5
204880,Sins of a Solar Empire: Rebellion
449540,There's Poop In My Soup
451340,Gold Rush: The Game
80,Counter-Strike: Condition Zero
376210,The Isle
488790,South Park The Fractured But Whole
542650,OnTheFrontLine
429660,Tales of Berseria
35450,Rising Storm/Red Orchestra 2 Multiplayer
313160,Farming Simulator 15
455940,Odd||Even
447820,Day of Infamy
286690,Metro 2033 Redux
607890,Sword Art Online: Hollow Realization Deluxe Edition
251060,Wargame: Red Dragon
375450,NOBUNAGA'S AMBITION: Souzou SengokuRisshiden
657200,Hand Simulator
304030,ArcheAge
311690,Enter the Gungeon
47410,Stronghold Kingdoms
42710,Call of Duty: Black Ops - Multiplayer
592600,PRO EVOLUTION SOCCER 2018 LITE
24200,DC Universe Online
627270,Injustice™ 2
236110,Dungeon Defenders II
438020,AI: Rampage
1250,Killing Floor
365670,Blender
307780,Mortal Kombat X
42680,Call of Duty: Modern Warfare 3
108600,Project Zomboid
454180,CrazyCars3D
454150,Voxel Warfare Online
564710,Soda Dungeon
361420,ASTRONEER
285190,"Warhammer 40,000: Dawn of War III"
10180,Call of Duty: Modern Warfare 2
113200,The Binding of Isaac
287390,Metro: Last Light Redux
363890,RPG Maker MV
357290,Red Lake
204360,Castle Crashers
374040,Portal Knights
269950,X-Plane 11
465650,Out of the Park Baseball 18
641990,The Escapists 2
557400,Midas Gold Plus
537180,Digimon Masters Online
215080,WAKFU
289130,Endless Legend
302830,BLOCKADE 3D
8870,BioShock Infinite
204300,Awesomenauts
224260,No More Room in Hell
212160,Vindictus
558990,Opus Magnum
3900,Sid Meier's Civilization IV
589290,Holdfast: Nations At War
502520,Ultimate General: Civil War
550470,NosTale
609150,STAR OCEAN™ - THE LAST HOPE™ - 4K & Full HD Remaster
496460,Life is Feudal: Forest Village
32370,STAR WARS™: Knights of the Old Republic™
466170,Idling to Rule the Gods
9450,"Warhammer 40,000: Dawn of War - Soulstorm"
203290,America's Army: Proving Grounds
306020,Bloons TD5
287450,Rise of Nations: Extended Edition
42960,Victoria II
610120,Little Kite
236690,Blood Bowl 2
439350,Kritika Online
434170,The Jackbox Party Pack 3
370240,NBA 2K16
427270,Orcs Must Die! Unchained
2870,X Rebirth
446150,GUNS UP!
234630,Project CARS
249130,LEGO® MARVEL Super Heroes
685310,Transport Defender
226860,Galactic Civilizations III
236430,DARK SOULS™ II
47810,Dragon Age: Origins - Ultimate Edition
200260,Batman: Arkham City GOTY
238090,Sniper Elite 3
228280,Baldur's Gate: Enhanced Edition
285920,TerraTech
210770,Sanctum 2
268420,Aura Kingdom
400,Portal
368070,Sniper Ghost Warrior 3
331470,Everlasting Summer
495910,Dungeon Fighter Online
312530,Duck Game
238460,BattleBlock Theater
311310,Naval Action
365960,rFactor 2
581600,The Albatross
722060,Dominions 5
365360,Battle Brothers
292730,Call of Duty: Infinite Warfare
70,Half-Life
388660,Project Tarvotan
368500,Assassin's Creed Syndicate
24960,Battlefield: Bad Company 2
225260,Brütal Legend
211500,RaceRoom Racing Experience
40970,Stronghold Crusader HD
237310,Elsword
33230,Assassin's Creed II
333950,Medieval Engineers
289650,Assassin's Creed Unity
555830,Vecitas
474960,Quantum Break
391040,F1 2016
215280,Secret World Legends
666220,CS2D
545580,"GO AWAY, THERE'S KUMIS OVER THERE!"
246620,Plague Inc: Evolved
42700,Call of Duty: Black Ops
332310,LEGO® Worlds
212070,Star Conflict
366220,Wurm Unlimited
282440,Quake Live
299360,Block N Load
431560,Hard Room
22370,Fallout 3 - Game of the Year Edition
500,Left 4 Dead
248390,Craft The World
619730,Mad Driver
344760,Reign Of Kings
371660,Far Cry Primal
203140,Hitman: Absolution
562730,MechDefender
39120,RIFT
571740,Golf It!
619330,Duck Hunting
212200,Mabinogi
355840,Survarium
554620,Life is Strange: Before the Storm
526290,MY FIGHT
672680,Call of War
274190,Broforce
9420,Supreme Commander: Forged Alliance
636480,Ravenfield
268400,Panzer Corps
110800,L.A. Noire
412290,The Dreamlord
221040,Resident Evil 6 / Biohazard 6
48720,Mount & Blade: With Fire and Sword
414070,Shut Up And Dig
232890,Stronghold Crusader 2
39140,FINAL FANTASY VII
11020,TrackMania Nations Forever
388080,Borderless Gaming
22320,The Elder Scrolls III: Morrowind
647830,LEGO® MARVEL Super Heroes 2
421020,DiRT 4
3590,Plants vs. Zombies: Game of the Year
460920,Steep
678800,SAS: Zombie Assault 4
463530,Empires of the Undergrowth
359870,FINAL FANTASY X/X-2 HD Remaster
420360,Spectrum
209000,Batman™: Arkham Origins
578310,BRAIN / OUT
223830,Xenonauts
322110,20XX
345350,LIGHTNING RETURNS: FINAL FANTASY XIII
323580,Jotun
280,Half-Life: Source
326410,Windward
17440,Spore: Creepy & Cute Parts Pack
253900,Knights and Merchants
533340,Captivity
271360,Industry Giant 2
551670,TWIN BROS
592490,Cat survival
721030,La Tale - Evolved
311340,METAL GEAR SOLID V: GROUND ZEROES
449140,Istrolid
15210,Silent Hunter III
514900,Observer
319510,Five Nights at Freddy's
552620,ATOM RPG
1900,Earth 2160
286000,Tooth and Tail
466860,City of God I - Prison Empire
420440,Atlantic Fleet
650760,???????(Tale of Wuxia:The Pre-Sequel)
491260,Take Thy Throne
513570,Wooden House
235900,RPG Maker XP
293760,Automation - The Car Company Tycoon Game
238430,Contagion
567780,Satellite Repairman
402220,Lift It
354920,Pester
397350,Lords of the Realm II
41500,Torchlight
566050,Zeus + Poseidon
375530,Football Tactics
473470,Purgatory
611790,House Party
333640,Caves of Qud
313010,Cities XXL
268870,Satellite Reign
288160,The Room
282560,RollerCoaster Tycoon World
467520,Power & Revolution
394870,Office Battle
348250,Google Earth VR
554510,The Golf Club 2™
292140,FINAL FANTASY XIII-2
466300,Planescape: Torment: Enhanced Edition
478980,Mansions of Madness
233980,Unepic
20540,Company of Heroes: Tales of Valor
314970,Age of Conquest IV
465710,Heroes Tactics
561610,MotoGP™17
458960,Winning Putt: Golf Online
390100,9Dragons
261470,Distant Worlds: Universe
280160,Aragami
7830,Men of War
215530,The Incredible Adventures of Van Helsing
319910,Trine 3: The Artifacts of Power
448070,Red Risk
533180,Campfire: One of Us Is the Killer
113020,Monaco
641780,The Drone Racing League Simulator
290790,Grey Goo
442780,STRAFE: Millennium Edition
8850,BioShock 2
24670,Trainz Simulator 12
21100,F.E.A.R. 3
575550,Hell Girls
599460,Weapon Shop Fantasy
391720,Layers of Fear
301910,Saints Row: Gat out of Hell
645260,Trophy Fishing 2
740260,Crimson Imprint plus -Nonexistent Christmas-
567250,Cat Goes Platform
382080,Action Alien
240320,Panzar
407000,Survival Is Not Enough
370540,Gary Grigsby's War in the East
233800,Arma 3 Tools
364420,Roguelands
359310,Evoland 2
214340,Deponia
448470,Bacteria
298900,Space Hulk: Deathwing
455980,Judgment: Apocalypse Survival Simulation
232050,Eador. Masters of the Broken World
13520,Far Cry
261180,Lethal League
251290,The Legend of Heroes: Trails in the Sky SC
15120,Tom Clancy's Rainbow Six: Vegas 2
420530,OneShot
203630,Warlock - Master of the Arcane
295550,Royal Quest
268750,Magicite
487270,Go Mission: Space Travel
213850,Magic 2014
335670,LISA
9010,Return to Castle Wolfenstein
576130,State of Anarchy: Master of Mayhem
265210,Viscera Cleanup Detail: Santa's Rampage
263060,Blockstorm
307670,Hard West
669580,The Ultimatest Battle
3170,King's Bounty: Armored Princess
360830,Yooka-Laylee
13230,Unreal Tournament 2004
424280,Iron Snout
263540,Villagers and Heroes
304530,Agents of Mayhem
252870,PULSAR: Lost Colony
305260,Battle Islands
660160,Field of Glory II
310470,Grand Ages: Medieval
292180,X-Plane 10 Global - 64 Bit
249650,Blackguards
289930,TransOcean: The Shipping Company
337150,Sentinels of the Multiverse
667870,MINDNIGHT
625140,Ragnarok Journey
296970,Renowned Explorers: International Society
412740,Audioshield
545650,High Profits
579950,Marvel's Guardians of the Galaxy: The Telltale Series
58610,Wargame: European Escalation
414740,RAID: World War II
228760,TrackMania² Canyon
538590,Sleeping Valley
457550,Bigscreen Beta
545110,Driver Booster 4 for Steam
61700,Might & Magic: Clash of Heroes
712840,King Exit
363360,Interstellar Rift
420790,StarBreak
335620,Star Traders: Frontiers
368360,60 Seconds!
370730,NOBUNAGA'S AMBITION: Tenshouki WPK HD Version
570420,X Rebirth VR Edition
73010,Cities in Motion
204340,Serious Sam 2
393080,Call of Duty: Modern Warfare Remastered
523120,VEGAS Movie Studio 14 Platinum Steam Edition
382900,FINAL FANTASY VI
239120,FINAL FANTASY III
71250,Sonic Adventure DX
63910,King's Bounty: Crossworlds
513620,SkyTime
22350,BRINK
485980,Syrian Warfare
252110,Lovers in a Dangerous Spacetime
98800,Dungeons of Dredmor
316790,Grim Fandango Remastered
555160,Pavlov VR
3720,Evil Genius
253430,CastleMiner Z
285010,Pixel Puzzles: UndeadZ
238750,Might & Magic X - Legacy
577230,Three Kingdoms: The Last Warlord
546400,Cavern Escape
293780,Crawl
321410,Command: Modern Air / Naval Operations WOTY
460120,Megadimension Neptunia VII
15320,IL-2 Sturmovik: 1946
506610,Five Nights at Freddy's: Sister Location
404680,Hob
353270,Hyperdimension Neptunia Re;Birth3 V Generation
436320,Raw Data
6800,Commandos: Behind Enemy Lines
745880,????? ? Hidden Star in Four Seasons.
214420,Gear Up
551730,Toukiden 2
383180,Dead Island Riptide Definitive Edition
262940,Broken Sword 5 - the Serpent's Curse
503770,Elven Assassin
25000,Overgrowth
550340,Umineko: Golden Fantasia
6910,Deus Ex: Game of the Year Edition
460870,GOD EATER RESURRECTION
485420,Wolf Simulator
327140,Tilt Brush
224760,FEZ
3480,Peggle Deluxe
315460,Dig or Die
224500,Gnomoria
233720,Surgeon Simulator
16450,F.E.A.R. 2: Project Origin
8000,Tomb Raider: Anniversary
50620,Darksiders
203680,F1 Race Stars
452570,Battle Chef Brigade
363090,NOBUNAGA'S AMBITION: Kakushin with Power Up Kit
580200,Yonder: The Cloud Catcher Chronicles
67370,The Darkness II
562810,Monopoly Plus
434030,Aerofly FS 2 Flight Simulator
337950,The SKIES
457710,Road Madness
263760,Turbo Dismount
404540,Nex Machina
583470,The End Is Nigh
15700,Oddworld: Abe's Oddysee
412050,HordeZ
703700,Our End of the World
10270,Disciples III: Reincarnation
388880,Oxenfree
254300,Dofus
528200,VEGAS Pro 14 Edit Steam Edition
219830,King Arthur's Gold
206440,To the Moon
248860,NEO Scavenger
65790,Arma: Cold War Assault
39190,Dungeon Siege
569860,Thimbleweed Park
12150,Max Payne 2: The Fall of Max Payne
25830,Knights of Honor
41000,Serious Sam HD: The First Encounter
397100,MachineCraft
311770,LEGO® Pirates of the Caribbean The Video Game
468070,90 Minute Fever
269330,Chronology
260430,The Four Kings Casino and Slots
577940,Killer Instinct
327860,Salt
340000,Headlander
251950,World War II Online
22130,Hearts of Iron II: Complete
92800,SpaceChem
104900,ORION: Prelude
237850,Dreamfall Chapters
327090,Out of Reach
394230,Battleborn
461880,Hyposphere
1200,Red Orchestra: Ostfront 41-45
368230,Kingdom: Classic
595420,Franchise Hockey Manager 4
21000,LEGO Batman: The Videogame
236090,Dust: An Elysian Tail
317360,Double Action: Boogaloo
282400,SuperPower 2 Steam Edition
449800,Attack on Titan / A.O.T. Wings of Freedom
11450,Overlord
40700,Machinarium
517160,Richie's Plank Experience
521150,Another Brick in the Mall
24840,Medal of Honor: Airborne
580420,Tourists Kidnapped a Little Bear
625950,Pic Guesser
384740,CAT Interstellar
425580,The Room Two
527100,Star Trek: Bridge Crew
205990,Warlock 2: the Exiled
298030,Total Annihilation
500710,Wild Terra Online
492130,"Bye-Bye, Wacky Planet"
421050,Deponia Doomsday
312750,FINAL FANTASY IV
464060,RUINER
527270,Atelier Sophie: The Alchemist of the Mysterious Book
453090,Parkitect
435400,Hidden Folks
13210,Unreal Tournament 3: Black Edition
542480,Therian Saga
232010,Euro Truck Simulator
2810,X3: Reunion
338180,Batla
454080,Burst
70400,Recettear: An Item Shop's Tale
235800,Audiosurf 2
7760,X-COM: UFO Defense
243950,Divinity: Dragon Commander
239840,Dead State
308040,Back to Bed
629690,Vaporum
322520,Dynasty Warriors 8 - Empires
313780,Conarium
522470,The House of Da Vinci
228300,Remember Me
385730,WWE 2K16
235320,Original War
350110,TransOcean 2: Rivals
507300,Club Manager 2017
234710,Poker Night 2
231060,Ragnarok Online 2
639790,DEEP SPACE WAIFU
32500,STAR WARS™: The Force Unleashed™ II
345240,SHOGUN: Total War™ - Gold Edition
317820,Guild of Dungeoneering
312280,Simply Chess
311260,The Guild 3
504210,SHENZHEN I/O
682130,Discord Bot Maker
247020,"Cook, Serve, Delicious!"
339340,Resident Evil 0 / biohazard 0 HD REMASTER
322920,theHunter: Primal
287260,Toybox Turbos
46500,Syberia
384190,ABZÛ
375950,Viridi
221540,Defense Grid 2
324510,Boundless
385380,Planet Centauri
57900,Duke Nukem Forever
467000,Insincere
448500,Little Walker
441550,STAR WARS™ Rebellion
274900,Murder Miners
423230,Furi
256290,Child of Light
296470,Mount Your Friends
236150,Starpoint Gemini 2
343780,Cat Goes Fishing
2100,Dark Messiah of Might & Magic Single Player
8600,RACE 07
299460,Woodle Tree Adventures
70600,Worms Ultimate Mayhem
417860,Emily is Away
224480,Octodad: Dadliest Catch
216890,Blood Bowl: Chaos Edition
39200,Dungeon Siege 2
216260,Don Bradman Cricket 14
425220,ONE PIECE BURNING BLOOD
292910,Deponia: The Complete Journey
220740,Chaos on Deponia
244730,Divekick
215100,Ragnarok
362680,Fran Bow
328080,Rise to Ruins
370360,TIS-100
446020,Jalopy
314410,Rampage Knights
9340,Company of Heroes: Opposing Fronts
237870,Planet Explorers
301320,NoLimits 2 Roller Coaster Simulation
340050,Survivalist
448080,Fibbage XL
323220,Vagante
583010,VoiceAttack
2620,Call of Duty
252410,SteamWorld Dig
231160,The Swapper
32360,The Secret of Monkey Island: Special Edition
486780,Fruit Ninja VR
561600,MXGP3 - The Official Motocross Videogame
314790,Silence
474050,Candy Blast
362490,Exanima
368340,CrossCode
107200,Space Pirates and Zombies
394760,Dead Effect 2
254100,World War II: Panzer Claws
312520,Rain World
460810,Vanquish
593030,Strategic Command WWII: War in Europe
555220,Detention
130,Half-Life: Blue Shift
19930,The Settlers: Rise of an Empire Gold Edition
512770,IACTURA
424030,War of Rights
504880,Pixel Puzzles 2: RADical ROACH
407330,Sakura Dungeon
21090,F.E.A.R.
222440,THE KING OF FIGHTERS 2002 UNLIMITED MATCH
225080,Brothers - A Tale of Two Sons
591370,Production Line
570770,?????(GuJian2)
639170,Minecraft: Story Mode - Season Two
221260,Little Inferno
12320,Sacred Gold
527290,Atelier Firis: The Alchemist and the Mysterious Journey
407190,Club Manager 2016
272230,Sub Rosa
385800,NEKOPARA Vol. 0
202200,Galactic Civilizations II: Ultimate Edition
300570,Infinifactory
718650,Driftland: The Magic Revival
227180,Kingdom Wars
224540,Ace of Spades
57640,Broken Sword 1 - Shadow of the Templars: Director's Cut
618970,Outcast - Second Contact
429280,Gems of the Aztecs
345390,King's Quest
477980,Overhell
45770,Dead Rising 2: Off the Record
39000,Moonbase Alpha
405640,Pony Island
665180,Dark Elf
494670,TransRoad: USA
416450,Emporea
303720,#killallzombies
265610,Epic Battle Fantasy 4
497180,Street Legal Racing: Redline v2.3.1
95400,ibb & obb
2800,X2: The Threat
735280,EMERGENCY 20
338170,Ratz Instagib 2.0
314520,Euro Fishing
368590,Albert and Otto: The Adventure Begins
356570,Party Hard
357190,Ultimate Marvel vs. Capcom 3
239250,Castlevania: Lords of Shadow 2
323910,SteamVR Performance Test
581630,Sword With Sauce: Alpha
365300,Transmissions: Element 120
475190,Scanner Sombre
418250,Polaris Sector
241260,Sherlock Holmes: Crimes and Punishments
24870,Need for Speed: SHIFT
574620,Word Killer: Zorgilonian Chronicles
513510,Intralism
351710,Hyperdimension Neptunia Re;Birth2 Sisters Generation
72200,Universe Sandbox
357780,Defend Your Life
382490,Relic Hunters Zero
607880,Accel World VS. Sword Art Online Deluxe Edition
8140,Tomb Raider: Underworld
251110,INFRA
444490,POLYWAR
528510,Turbo Pug 3D
485950,Rise of the Ancients
347560,Terra Incognita ~ Chapter One: The Descendant
506670,ORBITAL
485830,Star Merc
465760,Scrap Garden
7510,X-Blades
475220,Kabitis
222730,Reus
249590,Teslagrad
511800,ONRAID
208520,Omerta - City of Gangsters
552920,Sailaway - The Sailing Simulator
278890,Angvik
344880,In Exilium
546200,Gnomes Garden 3: The thief of castles
333300,ADOM (Ancient Domains Of Mystery)
614910,#monstercakes
464850,Don Bradman Cricket 17
113420,Fallen Earth
443940,Unknown Battle
639780,DEEP SPACE WAIFU: FLAT JUSTICE
424370,Wolcen: Lords of Mayhem
561340,Merlin adventurer store
233290,MURDERED: SOUL SUSPECT™
314660,Oddworld: New 'n' Tasty
619520,Destruction 48
562010,Tanki Online
623550,Timen runner
410380,HEX: Shards of Fate
410900,Forts
40390,Risen 2 - Dark Waters
483770,Autobahn Police Simulator 2
429790,AdventureQuest 3D
746910,Chicken Farm 2K17
467120,Rising Runner
527230,For The King
254200,FortressCraft Evolved
418030,Subsistence
504050,Planet Nomads
217200,Worms Armageddon
313340,Mountain
63950,IL-2 Sturmovik: Cliffs of Dover
496680,SweatShop
546660,Operation Breakout®
338530,Trouble In The Manor
563120,Desolate Wastes: Vendor Chronicles
414290,Princess.Loot.Pixel.Again
71340,Sonic Generations
635200,Distrust
40800,Super Meat Boy
445310,Might & Magic Heroes VII – Trial by Fire
463220,Dungeon of Zolthan
293180,Overcast - Walden and the Werewolf
382110,Virtual Desktop
331790,Data Hacker: Reboot
454910,Twin Saga
410340,Liftoff
606800,Startup Company
7520,Two Worlds II
285160,LEGO® The Hobbit™
262150,Vanguard Princess
265550,Dead Rising 3
581030,The Last Hope Trump vs Mafia
438030,Dead6hot
47780,Dead Space 2
428630,White Mirror
465240,Serious Sam VR: The Last Hope
464340,Syberia 3
440650,Niche - a genetics survival game
616560,Ultimate Epic Battle Simulator
242700,Injustice: Gods Among Us Ultimate Edition
469730,Super Mega Neo Pug
223850,3DMark
302510,Ryse: Son of Rome
604500,Tank Force
356500,STAR WARS™ Galactic Battlegrounds Saga
223710,Cry of Fear
212480,Sonic & All-Stars Racing Transformed
434570,Blood and Bacon
507390,Gone In November
585900,Harvest Moon: Light of Hope
218680,Scribblenauts Unlimited
377530,?????(Tale of Wuxia)
35700,Trine
575840,NeverEnd
3990,Sid Meier's Civilization IV: Warlords
266510,Hand of Fate
209870,Blacklight: Retribution
214170,Divine Divinity
400740,VERGE:Lost chapter
393530,Insanity Clicker
452060,Caveblazers
312990,The Expendabros
471010,Seven: The Days Long Gone
265300,Lords Of The Fallen
640590,The LEGO® NINJAGO® Movie Video Game
17470,Dead Space
448280,Job Simulator
384180,Prominence Poker
290730,My Lands
261030,The Walking Dead: Season Two
259080,Just Cause 2: Multiplayer Mod
607200,Tanki X
554530,CRACKHEAD
407530,ARK: Survival Of The Fittest
419480,Starpoint Gemini Warlords
598330,SimAirport
564530,Pharaoh + Cleopatra
571260,THE KING OF FIGHTERS XIV STEAM EDITION
235400,King’s Bounty: Legions
289520,King's Bounty: Dark Side
495780,Hexoscope
3920,Sid Meier's Pirates!
237110,Mortal Kombat Komplete Edition
525300,Starship Annihilator
367670,Controller Companion
15100,Assassin's Creed
619080,SOS
574070,Space Wars: Interstellar Empires
4850,Cossacks: Back to War
462770,Pyre
717790,Hold Your Own
412830,STEINS;GATE
209080,Guns of Icarus Online
200170,Worms Revolution
32800,The Lord of the Rings: War in the North
343360,Particula
596690,REVENGE: First Blood
535230,Domina
383870,Firewatch
363680,Battlefleet Gothic: Armada
284950,Pixel Puzzles: Japan
298240,Red Crucible: Firestorm
267530,The LEGO® Movie - Videogame
263500,Dragons and Titans
228380,Next Car Game: Wreckfest
457590,Luna Online: Reborn
287920,Mortal Online
252610,Death Road to Canada
327690,Gigantic
337320,Paint the Town Red
266410,iRacing
493730,HardCube
565860,Tomato Way
34460,Sid Meier's Civilization IV: Beyond the Sword
248170,Clickteam Fusion 2.5
225640,Sacred 2 Gold
108800,Crysis 2 Maximum Edition
447530,VA-11 Hall-A: Cyberpunk Bartender Action
536220,The Walking Dead: A New Frontier
329000,Data Hacker: Corruption
208090,Loadout
509110,Spikit
405900,Disgaea PC
213610,Sonic Adventure™ 2
617830,SUPERHOT VR
510510,WWE 2K17
323850,Move or Die
511680,Fate/EXTELLA
547680,Guild Quest
329050,Devil May Cry® 4 Special Edition
667600,Sky Force Reloaded
621880,Phoenix Dynasty 2
226580,F1 2014
251150,The Legend of Heroes: Trails in the Sky
287980,Mini Metro
281640,The Banner Saga 2
597220,West of Loathing
665360,Comedy Night
274520,Darkwood
507490,Ashes of the Singularity: Escalation
24240,PAYDAY: The Heist
282900,Hyperdimension Neptunia Re;Birth1
524580,Fairy Fencer F Advent Dark Force
553640,ICEY
356040,Sheltered
7600,Sid Meier's Railroads!
410110,12 is Better Than 6
654880,Dream Daddy: A Dad Dating Simulator
474750,Reigns
533780,Zombie Defense
433350,BlackShot: Mercenary Warfare FPS
285330,RollerCoaster Tycoon 2: Triple Thrill Pack
471550,Nine Parchments
241540,State of Decay
40990,Mafia
375010,Energy Balance
258010,Ring Runner: Flight of the Sages
108710,Alan Wake
602940,The Quest for Achievements
581670,The Astral Hero
257850,Hyper Light Drifter
614860,XAOC
526160,The Wild Eight
48000,LIMBO
439700,H1Z1: Test Server
341000,Mad Games Tycoon
351510,Quiplash
459220,Halo Wars: Definitive Edition
315660,Trainz: A New Era
467370,Escape This
4560,Company of Heroes - Legacy Edition
457330,High Octane Drift
10680,Aliens vs. Predator
391460,WARMODE
25900,King's Bounty: The Legend
372360,Tales of Symphonia
467960,Home Behind
597170,Clone Drone in the Danger Zone
292990,Nobunaga's Ambition: Souzou
630,Alien Swarm
425160,Recursion Deluxe
250320,The Wolf Among Us
7670,BioShock
281610,Homeworld: Deserts of Kharak
214510,LEGO® The Lord of the Rings™
562430,Alien Hostage
257170,Rebuild 3: Gangs of Deadsville
243970,"Invisible, Inc."
304430,INSIDE
282140,SOMA
723790,The Pirate: Plague of the Dead
433530,Heliborne
217750,Age of Conan: Unchained
443810,This Is the Police
501300,What Remains of Edith Finch
593280,Cat Quest
399000,Porradaria Upgrade
330830,Tales from the Borderlands
402430,Out of the Park Baseball 17
215830,Closers
204030,Fable - The Lost Chapters
357900,Make it indie!
251730,Legend of Grimrock 2
503560,911 Operator
317470,Cubic Castles
342310,RIOT - Civil Unrest
25800,Europa Universalis III
208200,DOOM 3: BFG Edition
683900,RollerCoaster Tycoon Classic
649900,Mini Guns
252470,Space Pirates and Zombies 2
423580,Project Highrise
238370,Magicka 2
424840,Little Nightmares
115320,PROTOTYPE 2
259680,Tales of Maj'Eyal
237990,The Banner Saga
659460,RiotZ
410980,Master of Orion 2
476460,Picross Touch
327070,Gloria Victis
17300,Crysis
207170,Legend of Grimrock
564230,Fire Pro Wrestling World
748370,STAND OUT
3330,Zuma Deluxe
258970,Gauntlet™
32430,STAR WARS™: The Force Unleashed™ Ultimate Sith Edition
581130,Metal Waltz
592260,Dungeon Painter Studio
19900,Far Cry 2
354290,LoveBeat
339280,Strife
386620,"Cook, Serve, Delicious! 2!!"
597840,Live Wallpaper Master
345260,MEDIEVAL: Total War™ - Gold Edition
507400,Vindictive Drive
610670,Alchemyland
539440,Citalis
235460,METAL GEAR RISING: REVENGEANCE
398850,Epistory - Typing Chronicles
376870,Minecraft: Story Mode - A Telltale Games Series
697610,Idle Bouncer
438140,Star Realms
250760,Shovel Knight: Treasure Trove
314980,Supreme Ruler Ultimate
12200,Bully: Scholarship Edition
510630,Soccer Manager 2017
303390,Dead Bits
463100,Liveza: Death of the Earth
406290,Twilight Struggle
107100,Bastion
322190,SteamWorld Heist
400910,Rabi-Ribi
222480,Resident Evil Revelations / Biohazard Revelations
240760,Wasteland 2
568770,Cinderella Phenomenon
34270,SEGA Mega Drive & Genesis Classics
451130,Khan: Absolute Power
2600,Vampire: The Masquerade - Bloodlines
619310,Ways of History
224900,Iron Sky Invasion
269470,MorphVOX Pro - Voice Changer
475550,Beholder
345180,Victor Vran
619340,Conjuntalia
259060,Dominions 4
582550,Passpartout: The Starving Artist
245470,Democracy 3
502370,"Warhammer 40,000: Sanctus Reach"
222750,Wargame: AirLand Battle
619910,Just Cause™ 3: Multiplayer Mod
624910,3on3 FreeStyle
495280,Disgaea 2 PC
206210,Gotham City Impostors: Free To Play
304240,Resident Evil / biohazard HD REMASTER
453980,Airstrike HD
215930,Jagged Alliance 2 - Wildfire
18500,Defense Grid: The Awakening
321400,Supraball
306760,Obduction
6860,Hitman: Blood Money
380840,Teeworlds
632300,Hobo: Tough Life
423710,Invasion: Brain Craving
322780,Worlds Adrift
510660,Big Bang Empire
484900,Aven Colony
466910,Worm.is: The Game
7200,TrackMania United
437920,Tricky Towers
318020,Act of Aggression
620130,Chaos Town
464350,Screeps
17430,Need for Speed: Undercover
381990,Dragon Saga
509240,Lethal Brutal Racing
502800,SENRAN KAGURA ESTIVAL VERSUS
522230,The Fishing Club 3D
621830,WRC 7
250340,Blockland
23310,The Last Remnant
220260,Farming Simulator 2013
468920,Ultimate Fishing Simulator
233840,Worms Clan Wars
633880,Lone Warrior
221910,The Stanley Parable
349720,Audition Online
300080,Total War Battles: KINGDOM
452230,Spellstone
248610,Door Kickers
40980,Stronghold Legends
235380,Blitzkrieg 3
528740,Operation: New Earth
575720,Mighty Party
598960,Mashinky
533150,Super LOH
400170,The Incredible Adventures of Van Helsing: Final Cut
427730,Who's Your Daddy
204450,Call of Juarez Gunslinger
543460,Dead Rising 4
542340,Slingshot people
253490,CABAL Online
365450,Hacknet
55140,MX vs. ATV Reflex
741260,Mobile Empire
442120,Pinball FX3
383800,Close Order
344230,Pixel Puzzles 2: Birds
426000,HunieCam Studio
57300,Amnesia: The Dark Descent
250400,How to Survive
457730,Mushroom Wars 2
547960,Space Beret
385070,Atonement: Scourge of Time
552590,The Sexy Brutale
234670,NARUTO SHIPPUDEN: Ultimate Ninja STORM 3 Full Burst
205610,Port Royale 3
1930,Two Worlds: Epic Edition
491650,Reset 1-1
304410,Hexcells Infinite
34440,Sid Meier's Civilization IV
361280,Turmoil
571310,SteamWorld Dig 2
449680,SAMOLIOTIK
564310,Serious Sam Fusion 2017 (beta)
218640,Lucius
206190,Gunpoint
579230,Alpacapaca Dash
458710,Kingdom Rush Frontiers
291860,Pit People
345090,Ancient Planet
414700,Outlast 2
100,Counter-Strike: Condition Zero Deleted Scenes
622920,P-Walker's Simulation
650000,DOOM VFR
377310,The Tower Of Elements
6000,STAR WARS™ Republic Commando
4570,"Warhammer 40,000: Dawn of War - Game of the Year Edition"
735570,Project Rhombus
264200,One Finger Death Punch
498240,Batman - The Telltale Series
9350,Supreme Commander
204120,LEGO Harry Potter: Years 5-7
225420,Cities in Motion 2
329130,Reassembly
732430,Superflight
20500,Red Faction: Guerrilla Steam Edition
602520,NEKOPARA Vol. 3
609940,KROSMAGA
418650,Space Pirate Trainer
406150,Refunct
32510,LEGO® Star Wars™ III: The Clone Wars™
57740,Jagged Alliance - Back in Action
47400,Stronghold 3
467010,Fall of Civilization
246420,Kingdom Rush
20570,"Warhammer 40,000: Dawn of War II - Chaos Rising"
378370,Nomad
214560,Mark of the Ninja
431180,WolfQuest
675260,Batman: The Enemy Within - The Telltale Series
202170,Sleeping Dogs™
286570,F1 2015
404590,Vikings - Wolves of Midgard
581100,Langoth
397950,Clustertruck
596650,Tap Adventure: Time Travel
648430,Hand of the Gods
394310,Punch Club
65540,Gothic
324270,Revenge: Rhobar's myth
423770,Our Love Will Grow
250520,Underrail
330840,Game of Thrones - A Telltale Games Series
17410,Mirror's Edge
570780,????(GuJian)
20,Team Fortress Classic
585410,GameMaker Studio 2 Desktop
237930,Transistor
50,Half-Life: Opposing Force
527430,"Warhammer 40,000: Inquisitor - Martyr"
442070,Drawful 2
492090,A-Train PC Classic / ????A??????PC
55150,"Warhammer 40,000: Space Marine"
578620,GORN
45740,Dead Rising 2
12810,Overlord II
2990,FlatOut 2
574810,Fight or Die
507360,The Wizard's Lair
470220,UNO
269770,Secrets of Grindea
388750,BlazBlue: Chronophantasma Extend
346120,Boring Man - Online Tactical Stickman Combat
363930,Dead Age
435030,Lost Lands: Mahjong
350640,Sherlock Holmes: The Devil's Daughter
658980,Valnir Rok
608560,Last Tale
228260,Fallen Enchantress: Legendary Heroes
238260,Pinball Arcade
392950,Lost Lands: A Hidden Object Adventure
3620,Zuma's Revenge
637100,Sonic Forces
327400,Sid Meier's Colonization (Classic)
694130,My Free Zoo
244030,Take On Mars
245490,Trials Fusion
517790,Caesar 3
311730,Dead or Alive 5 Last Round
213330,LEGO Batman 2
547900,Front Office Football Eight
234080,Castlevania: Lords of Shadow - Ultimate Edition
50300,Spec Ops: The Line
559650,Witch It
333600,NEKOPARA Vol. 1
34830,Sniper: Ghost Warrior
715310,Urban Rivals
22600,Worms Reloaded
438490,GOD EATER 2 Rage Burst
588210,HELLION
422900,Particle Fleet: Emergence
561590,Cricket Captain 2017
6030,STAR WARS™ Jedi Knight II: Jedi Outcast™
418340,RWBY: Grimm Eclipse
239070,Hammerwatch
578260,Fluffy
218510,Planets Under Attack
12100,Grand Theft Auto III
288140,Jack Nicklaus Perfect Golf
300380,Road Redemption
435440,Galaxy Control: 3D Strategy
332070,School of Dragons: How to Train Your Dragon
12140,Max Payne
17570,"Pirates, Vikings, & Knights II"
206500,AirMech Strike
421040,Plantera
486310,Meadow
384490,Necropolis
242550,Rayman Legends
381640,Allods Online RU
604160,Co-Co CORN MAFIA
351940,The Descendant
244770,StarMade
314150,Double Dragon Trilogy
525920,Pro Cycling Manager 2017
298050,Master of Orion
8190,Just Cause 2
24780,SimCity 4 Deluxe
329430,State of Decay: Year-One
565380,Cargo Cult: Shoot'n'Loot VR
558100,Art of War: Red Tides
366440,Savage Resurrection
418240,Shadow Tactics: Blades of the Shogun
600750,Star Trek Timelines
238010,Deus Ex: Human Revolution - Director's Cut
207140,SpeedRunners
493900,Dungeons 3
234330,Marvel Puzzle Quest
257350,Baldur's Gate II: Enhanced Edition
202970,Call of Duty: Black Ops II
296870,Dreaming Sarah
265630,Fistful of Frags
563560,Alien Swarm: Reactive Drop
572410,Steel Division: Normandy 44
463110,Farnham Fables
362960,Tyranny
418370,RESIDENT EVIL 7 biohazard / BIOHAZARD 7 resident evil
206480,Dungeons & Dragons Online®
414340,Hellblade: Senua's Sacrifice
268050,The Evil Within
385770,Time Clickers
350080,Wolfenstein: The Old Blood
355180,Codename CURE
313120,Stranded Deep
595280,Throne of Lies
225840,Sven Co-op
552700,WORLD OF FINAL FANTASY
389570,Mitos.is: The Game
463710,Puzzle Galaxies
289950,Construction-Simulator 2015
239350,Spelunky
41700,S.T.A.L.K.E.R.: Call of Pripyat
585790,Fergus The Fly
514660,BitMaster
274920,FaceRig
614570,Dishonored®: Death of the Outsider™
239820,Game Dev Tycoon
320300,Car Mechanic Simulator 2015
39540,SpellForce: Platinum Edition
509930,NightmareZ
312450,Order of Battle: World War II
436150,Governor of Poker 3
307690,Sleeping Dogs: Definitive Edition
207610,The Walking Dead
99900,Spiral Knights
274940,Depth
249050,Dungeon of the Endless
403190,Planetbase
409710,BioShock Remastered
410320,EARTH DEFENSE FORCE 4.1 The Shadow of New Despair
552100,Brick Rigs
242860,Verdun
24980,Mass Effect 2
224600,Defiance
448780,Sixtieth Kilometer
690510,Black Survival
2700,RollerCoaster Tycoon 3: Platinum!
610180,The Jackbox Party Pack 4
102500,Kingdoms of Amalur: Reckoning™
664430,WWE 2K18
480650,Yu-Gi-Oh! Legacy of the Duelist
636040,Pixel Worlds
268650,From The Depths
209170,Call of Duty: Ghosts - Multiplayer
387290,Ori and the Blind Forest: Definitive Edition
285900,Gang Beasts
238320,Outlast
611500,Quake Champions
270150,RUNNING WITH RIFLES
40100,Supreme Commander 2
405310,LEGO® MARVEL's Avengers
352400,LEGO® Jurassic World
528300,Soulless: Ray Of Hope
454690,Cyber City 2157: The Visual Novel
208480,Assassin's Creed® III
486150,Radical Spectrum: Volume 1
57690,Tropico 4
386070,Planetary Annihilation: TITANS
378540,The Surge
21690,Resident Evil 5 / Biohazard 5
56400,"Warhammer 40,000: Dawn of War II - Retribution"
375910,Anno 2205
394510,HELLDIVERS™
668630,Tricolour Lovestory
582500,We Were Here
17460,Mass Effect
241560,The Crew
253940,Septerra Core
4500,S.T.A.L.K.E.R.: Shadow of Chernobyl
44350,GRID 2
397060,Faeria
48240,Anno 2070
406090,Lost Moon
438640,LEGO® STAR WARS™: The Force Awakens
547040,Above - VR
444460,Love is Blind: Mutants
341380,Countless Rooms of Death
557780,Atom Fishing II
214490,Alien: Isolation
489520,Minion Masters
391660,Incitement 3
248820,Risk of Rain
242680,Nuclear Throne
705220,Tactical Monsters Rumble Arena
635260,CarX Drift Racing Online
552110,Puzzle Pirates: Dark Seas
2820,X3: Terran Conflict
384480,Six Sides of the World
402570,Atlas Reactor
4920,Natural Selection 2
461910,Forge of Gods (RPG)
273350,Evolve Stage 2
278080,DYNASTY WARRIORS 8: Xtreme Legends Complete Edition
6020,STAR WARS™ Jedi Knight: Jedi Academy™
585560,Finnish Roller
232910,TrackMania² Stadium
48190,Assassin's Creed Brotherhood
346940,Shadowrun: Hong Kong - Extended Edition
39150,FINAL FANTASY VIII
276810,Mordheim: City of the Damned
339800,HuniePop
35140,Batman: Arkham Asylum GOTY Edition
35720,Trine 2
220700,RPG Maker VX Ace
223100,Homefront: The Revolution
575570,ICED
530700,Argo
230290,Universe Sandbox ²
311560,Assassin's Creed Rogue
403560,Eaten Alive
63380,Sniper Elite V2
616360,Crimson Earth
17480,Command and Conquer: Red Alert 3
223750,DCS World
456670,Hand of Fate 2
462930,AdVenture Communist
48220,Might & Magic: Heroes VI
704040,Castle Clicker
448510,Overcooked
644560,Mirror
505460,Foxhole
544730,Catan Universe
316390,sZone-Online
3830,Psychonauts
383980,Rivals of Aether
397460,The Jackbox Party Pack 2
205710,EverQuest Free-to-Play
265930,Goat Simulator
496690,Adventures On The Polluted Islands
466580,GOD's DEATH
414530,Skyforge
285310,RollerCoaster Tycoon: Deluxe
525480,.hack//G.U. Last Recode
233860,Kenshi
431730,Aseprite
371460,Gnumz: Masters of Defense
462030,BitRay
47870,Need for Speed: Hot Pursuit
342970,Pixel Survivors
300550,Shadowrun: Dragonfall - Director's Cut
310380,Fractured Space
402710,Osiris: New Dawn
39500,Gothic 3
428690,Youtubers Life
320,Half-Life 2: Deathmatch
568220,Lobotomy Corporation
413420,Danganronpa 2: Goodbye Despair
25890,Hearts of Iron III
321960,Might & Magic Heroes VII
436520,Line of Sight
575860,Tomb Joe
513590,So Many Cubes
301120,Eastside Hockey Manager
326360,Warspear Online
527770,Russian SuperHero Dead Ivan
357310,Oriental Empires
386940,Ultimate Chicken Horse
362890,Black Mesa
574640,Unalive
4580,"Warhammer 40,000: Dawn of War - Dark Crusade"
360170,How to Survive 2
538680,The Legend of Heroes: Trails of Cold Steel
65800,Dungeon Defenders
631530,Fight or Die 2
734580,BattleRush
254700,resident evil 4 / biohazard 4
420,Half-Life 2: Episode Two
257510,The Talos Principle
20510,S.T.A.L.K.E.R.: Clear Sky
24720,Spore: Galactic Adventures
321360,Primal Carnage: Extinction
290340,Armello
555920,Dark Egypt
282800,100% Orange Juice
493490,City Car Driving
400040,ShareX
622650,Bendy and the Ink Machine
78000,Bejeweled 3
460790,Bayonetta
219780,Divinity II: Developer's Cut
40950,Stronghold HD
443110,Armored Warfare
355790,Styx: Shards of Darkness
486480,Tales of Destruction
262410,World of Guns: Gun Disassembly
223470,POSTAL 2
12110,Grand Theft Auto: Vice City
323470,DRAGON BALL XENOVERSE
17450,Dragon Age: Origins
512020,Box Maze
375230,"Warhammer 40,000: Eternal Crusade"
239030,"Papers, Please"
397340,SimplePlanes
247080,Crypt of the NecroDancer
258700,Dragon Nest Europe
524660,RutonyChat
388410,Darksiders II Deathinitive Edition
239160,Thief
376570,WildStar
373930,Sudden Strike 4
39550,SpellForce 2 - Anniversary Edition
244160,Homeworld Remastered Collection
353640,Train Valley
292120,FINAL FANTASY XIII
351970,Tales of Zestiria
243470,Watch_Dogs
662320,Metro Conflict: The Origin
15620,"Warhammer 40,000: Dawn of War II"
204100,Max Payne 3
331670,The Jackbox Party Pack
542550,Plankton
17500,Zombie Panic! Source
578330,LEGO® City Undercover
38400,Fallout
445190,Expeditions: Viking
485390,Machine Made: Rebirth
633460,Tannenberg
591960,Animation Throwdown: The Quest for Cards
34870,Sniper Ghost Warrior 2
208140,Endless Space
307960,IL-2 Sturmovik: Battle of Stalingrad
324080,Rising World
201790,Orcs Must Die! 2
39680,The Guild II: Renaissance
378720,Thea: The Awakening
40960,Stronghold 2
298630,The Escapists
24790,Command and Conquer 3: Tiberium Wars
313690,LEGO® Batman™ 3: Beyond Gotham
427100,Fernbus Simulator
235600,Tom Clancy's Splinter Cell Blacklist
462780,Darksiders Warmastered Edition
600600,MakeThatMoney
377840,FINAL FANTASY IX
450540,"Hot Dogs, Horseshoes & Hand Grenades"
493840,Marvel vs. Capcom: Infinite
717640,Reigns: Her Majesty
291410,Duelyst
108200,Ticket to Ride
45760,Ultra Street Fighter IV
9200,RAGE
541210,Cold Waters
587260,Tokyo Xanadu eX+
584400,Sonic Mania
397580,Moonbase 332
599100,Green Cat
428950,"Kivi, Toilet and Shotgun"
471710,Rec Room
634160,Cattails
496300,Kingdom: New Lands
392780,Mondrian - Abstraction in Beauty
288470,Fable Anniversary
16810,Sid Meier's Civilization IV: Colonization
537800,Bomber Crew
395380,ANKI
268130,Heat Signature
234650,Shadowrun Returns
228180,Action! - Gameplay Recording and Streaming
262280,Dungeons 2
402170,Puzzle Ball
248570,Toribash
576050,Other worlds India
235340,Prime World
726390,Scream Collector
242640,Styx: Master of Shadows
629030,Employee Recycling Center
532030,Dream Dealer
388440,Big Journey to Home
527800,WAR CUBE
567640,Danganronpa V3: Killing Harmony
467390,Approaching Blocks
253250,Stonehearth
500940,Get The Gems
386700,The Oil Blue
342180,Arizona Sunshine
515690,Warriors of Vilvatikta
41070,Serious Sam 3: BFE
606050,Gump Runner
382850,Piercing Blow
626010,Office Space: Idle Profits
33910,Arma 2
255220,GRID Autosport
620940,Invisibox
539450,Crab Dub
214730,Space Rangers HD: A War Apart
673610,Airport CEO
201230,EverQuest II
383080,Sakura Clicker
451020,Battle Chasers: Nightwar
447990,Spectrubes
503820,A Detective's Novel
413410,Danganronpa: Trigger Happy Havoc
280220,Creeper World 3: Arc Eternal
2630,Call of Duty 2
209160,Call of Duty: Ghosts
487120,Citadel: Forged With Fire
233130,Shadow Warrior
582430,Jumping Tank
420290,Blackwake
42910,Magicka
9880,Champions Online
361800,Tree of Life
302670,Call to Arms
7940,Call of Duty 4: Modern Warfare
302590,Of Guards And Thieves
380,Half-Life 2: Episode One
415960,Energy Cycle
360450,Kiai Resonance
520440,GUILTY GEAR Xrd -REVELATOR-
32440,LEGO® Star Wars™: The Complete Saga
461890,NORTH
252150,Grimm
586140,BlazBlue Centralfiction
253230,A Hat in Time
396750,EVERSPACE™
244930,SNOW
383580,Flesh Eaters
208500,F1 2012
601340,Project of the Developer
390670,Steel Ocean
324800,Shadow Warrior 2
245170,Skullgirls
606330,Shadows 2: Perfidia
247000,Talisman: Digital Edition
354640,The Settlers Online
241600,Rogue Legacy
589870,Learn to Fly 3
412600,Lup
287290,Resident Evil Revelations 2 / Biohazard Revelations 2
331600,ONE PIECE PIRATE WARRIORS 3
619400,Fluffy Creatures VS The World
38410,Fallout 2
448640,Elements II: Hearts of Light
591560,Red Death
481510,Night in the Woods
519190,Next Day: Survival
210970,The Witness
261110,Killer is Dead
201870,Assassin's Creed Revelations
253880,Earth 2150 Trilogy
39510,Gothic II: Gold Edition
491530,Notruf 112
296490,GemCraft - Chasing Shadows
366090,Colony Survival
644930,They Are Billions
448630,Rabiez: Epidemic
450390,The Lab
219150,Hotline Miami
261570,Ori and the Blind Forest
222940,THE KING OF FIGHTERS XIII STEAM EDITION
293260,Card Hunter
246900,Viscera Cleanup Detail
332570,Amazing Frog?
591740,Sniper Fury
629280,Run Away
705120,DeathComing
369990,"Gremlins, Inc."
249230,Risen 3 - Titan Lords
230190,War for the Overworld
351030,Pixel Puzzles Ultimate
376730,Monument
535260,Save Home
24810,Command and Conquer 3: Kane's Wrath
341800,Keep Talking and Nobody Explodes
655780,Project 5: Sightseer
732730,Red Crucible®: Reloaded
530070,Train Sim World: CSX Heavy Haul
322500,SUPERHOT
12220,Grand Theft Auto: Episodes from Liberty City
512470,The Pirate: Caribbean Hunt
528070,Solitaire Beach Season
493370,Ragnarok Clicker
271240,Offworld Trading Company
515470,Hyper color ball
324310,Bus Simulator 16
290300,Rebel Galaxy
301640,Zombie Army Trilogy
644570,Material Girl
400250,Heaven Island - VR MMO
409720,BioShock 2 Remastered
9480,Saints Row 2
425340,Space Moth DX
24740,Burnout Paradise: The Ultimate Box
463210,State of Anarchy
24800,Command and Conquer: Red Alert 3 - Uprising
480430,Hide and Shriek
209660,Call of Duty: Advanced Warfare - Multiplayer
283640,Salt and Sanctuary
428900,"Linea, the Game"
523150,Mahjong World Contest
383150,Dead Island Definitive Edition
372800,RPG MO
427490,Shadowhand
220440,DmC Devil May Cry
15370,Heroes of Might & Magic V: Tribes of the East
326160,Shroud of the Avatar: Forsaken Virtues
30,Day of Defeat
22300,Fallout 3
431600,Automobilista
223330,Sea Dogs: To Each His Own
272270,Torment: Tides of Numenera
327030,Worms W.M.D
438010,PulseCharge
294860,Valkyria Chronicles™
444480,Broken Dreams
263560,Paper Sorcerer
296300,Ballistic Overkill
404410,Endless Sky
304650,Sunless Sea
230230,Divinity: Original Sin (Classic)
570840,Nekojishi
496240,Onward
412170,City of Chains
11610,Dragon Nest
330070,VEGAS Movie Studio 13 Platinum - Steam Powered
544610,Battlestar Galactica Deadlock
512900,Streets of Rogue
362620,Software Inc.
15170,Heroes of Might & Magic V
408760,Pro Cycling Manager 2016
518030,Aim Hero
477770,Ride 2
658160,ClickRaid
321800,Icewind Dale: Enhanced Edition
22100,Mount & Blade
21130,Lego Harry Potter
203350,King's Bounty: Warriors of the North
628860,Escape Together
252690,Fantasy Grounds
367450,Poly Bridge
73170,Darkest Hour: A Hearts of Iron Game
311860,Data Hacker: Initiation
482920,Hero Zero
568570,Force of Nature
562760,KORABLIK
394690,Tower Unite
64000,Men of War: Assault Squad
227860,Castle Story
429050,Feed and Grow: Fish
209650,Call of Duty: Advanced Warfare
304730,Train Fever
